{
    "0": {
        "precision": 0.9935001289656952,
        "recall": 0.874613987284287,
        "f1-score": 0.9302741214829127,
        "support": 22020.0
    },
    "1": {
        "precision": 0.06596752368064952,
        "recall": 0.6074766355140186,
        "f1-score": 0.1190112908147696,
        "support": 321.0
    },
    "accuracy": 0.8707757038628531,
    "macro avg": {
        "precision": 0.5297338263231723,
        "recall": 0.7410453113991529,
        "f1-score": 0.5246427061488411,
        "support": 22341.0
    },
    "weighted avg": {
        "precision": 0.9801731531679916,
        "recall": 0.8707757038628531,
        "f1-score": 0.9186177332888087,
        "support": 22341.0
    }
}