{
    "0": {
        "precision": 0.9936807210193722,
        "recall": 0.8712079927338783,
        "f1-score": 0.9284227846876059,
        "support": 22020.0
    },
    "1": {
        "precision": 0.06556836902800658,
        "recall": 0.6199376947040498,
        "f1-score": 0.11859356376638856,
        "support": 321.0
    },
    "accuracy": 0.8675976903451054,
    "macro avg": {
        "precision": 0.5296245450236894,
        "recall": 0.745572843718964,
        "f1-score": 0.5235081742269972,
        "support": 22341.0
    },
    "weighted avg": {
        "precision": 0.9803454153039061,
        "recall": 0.8675976903451054,
        "f1-score": 0.9167869948878784,
        "support": 22341.0
    }
}