{
    "0": {
        "precision": 0.9972015741145606,
        "recall": 0.5178474114441417,
        "f1-score": 0.6816918248393364,
        "support": 22020.0
    },
    "1": {
        "precision": 0.026499174766183752,
        "recall": 0.9003115264797508,
        "f1-score": 0.05148303197648526,
        "support": 321.0
    },
    "accuracy": 0.5233427330916253,
    "macro avg": {
        "precision": 0.5118503744403722,
        "recall": 0.7090794689619462,
        "f1-score": 0.36658742840791086,
        "support": 22341.0
    },
    "weighted avg": {
        "precision": 0.9832543259971607,
        "recall": 0.5233427330916253,
        "f1-score": 0.6726368576261867,
        "support": 22341.0
    }
}