{
    "0": {
        "precision": 0.9904485989769589,
        "recall": 0.9936421435059037,
        "f1-score": 0.992042801115368,
        "support": 22020.0
    },
    "1": {
        "precision": 0.44,
        "recall": 0.3426791277258567,
        "f1-score": 0.38528896672504376,
        "support": 321.0
    },
    "accuracy": 0.9842889754263462,
    "macro avg": {
        "precision": 0.7152242994884794,
        "recall": 0.6681606356158802,
        "f1-score": 0.6886658839202059,
        "support": 22341.0
    },
    "weighted avg": {
        "precision": 0.9825396423379722,
        "recall": 0.9842889754263462,
        "f1-score": 0.9833248394825274,
        "support": 22341.0
    }
}