{
    "0": {
        "precision": 0.9882315950231325,
        "recall": 0.9991371480472298,
        "f1-score": 0.993654449788858,
        "support": 22020.0
    },
    "1": {
        "precision": 0.7564102564102564,
        "recall": 0.1838006230529595,
        "f1-score": 0.2957393483709273,
        "support": 321.0
    },
    "accuracy": 0.9874222281903228,
    "macro avg": {
        "precision": 0.8723209257166944,
        "recall": 0.5914688855500946,
        "f1-score": 0.6446968990798927,
        "support": 22341.0
    },
    "weighted avg": {
        "precision": 0.9849007392111844,
        "recall": 0.9874222281903228,
        "f1-score": 0.9836266646603877,
        "support": 22341.0
    }
}