{
    "0": {
        "precision": 0.9948174038809208,
        "recall": 0.7496821071752952,
        "f1-score": 0.8550266742632205,
        "support": 22020.0
    },
    "1": {
        "precision": 0.0408908995997912,
        "recall": 0.7320872274143302,
        "f1-score": 0.07745550428477257,
        "support": 321.0
    },
    "accuracy": 0.7494293003894186,
    "macro avg": {
        "precision": 0.517854151740356,
        "recall": 0.7408846672948126,
        "f1-score": 0.46624108927399655,
        "support": 22341.0
    },
    "weighted avg": {
        "precision": 0.9811111952119156,
        "recall": 0.7494293003894186,
        "f1-score": 0.8438543746542917,
        "support": 22341.0
    }
}