{
    "0": {
        "precision": 0.9966946146404385,
        "recall": 0.5614441416893733,
        "f1-score": 0.7182779456193353,
        "support": 22020.0
    },
    "1": {
        "precision": 0.028177518365703935,
        "recall": 0.8722741433021807,
        "f1-score": 0.05459153831156171,
        "support": 321.0
    },
    "accuracy": 0.5659102099279352,
    "macro avg": {
        "precision": 0.5124360665030713,
        "recall": 0.716859142495777,
        "f1-score": 0.3864347419654485,
        "support": 22341.0
    },
    "weighted avg": {
        "precision": 0.9827787653989457,
        "recall": 0.5659102099279352,
        "f1-score": 0.7087419652806846,
        "support": 22341.0
    }
}