{
    "0": {
        "precision": 0.990467111534795,
        "recall": 0.9908719346049046,
        "f1-score": 0.9906694817135463,
        "support": 22020.0
    },
    "1": {
        "precision": 0.3557692307692308,
        "recall": 0.34579439252336447,
        "f1-score": 0.35071090047393366,
        "support": 321.0
    },
    "accuracy": 0.9816033302000806,
    "macro avg": {
        "precision": 0.6731181711520129,
        "recall": 0.6683331635641345,
        "f1-score": 0.67069019109374,
        "support": 22341.0
    },
    "weighted avg": {
        "precision": 0.9813476442000407,
        "recall": 0.9816033302000806,
        "f1-score": 0.981474427571927,
        "support": 22341.0
    }
}