{
    "0": {
        "precision": 0.9945361223025553,
        "recall": 0.818346957311535,
        "f1-score": 0.8978798674605745,
        "support": 22020.0
    },
    "1": {
        "precision": 0.052581714827096164,
        "recall": 0.6915887850467289,
        "f1-score": 0.0977327756988774,
        "support": 321.0
    },
    "accuracy": 0.8165256702922877,
    "macro avg": {
        "precision": 0.5235589185648257,
        "recall": 0.7549678711791319,
        "f1-score": 0.49780632157972593,
        "support": 22341.0
    },
    "weighted avg": {
        "precision": 0.981001931138345,
        "recall": 0.8165256702922877,
        "f1-score": 0.8863831924480189,
        "support": 22341.0
    }
}